`¼º°ü°è ¸ôÄ«ÇøÀÇ` Á¤ÁØ¿µ `ÇÁ¶û½º ·¹½ºÅä¶û`Àº ¾îÂ¼³ª,!,//news.mk.co.kr/newsRead.php?year=2019&no=163511
"ºÎ¸ğ ÇÇ»ì¿¡ ºó¼Ò ÁöÅ°´Â ÀÌÈñÁø, ¹æ¼Û»ç ÃÔ¿µ ½Ãµµ¿¡ ±×¸¸",!,//news.mk.co.kr/newsRead.php?year=2019&no=164932
"Áß°íÂ÷, ¾÷Ã¼ Á÷¿øµéÀÌ ÃßÃµÇÑ Â÷´Â?¡¦±×·£Àú¡¤¾Æ¹İ¶¼",!,//news.mk.co.kr/newsRead.php?year=2019&no=163736
"Æ®¿ÍÀÌ½º ÁöÈ¿, ìí Ãâ±¹±æ ´«¹°¡¦¡±Á¤ÁØ¿µ ¾Ç¼º ·ç¸Ó ½É°æ?¡±",!,//news.mk.co.kr/newsRead.php?year=2019&no=164289
¾ÆÆÄÆ® Àı¹İÀÌ Àü¼Â°ª `¶Ò`¡¦¿ªÀü¼¼³­ `ºñ»ó`,!,//news.mk.co.kr/newsRead.php?year=2019&no=165903
10³â°£ °Çº¸·á 35¸¸¿ø ³½ ¹®¼ºÇõ,!,//news.mk.co.kr/newsRead.php?year=2019&no=165819
"Á¤ºÎ, 6°³¿ù°£ 50¸¸¿ø¾¿ Ã»³â±¸Á÷È°µ¿Áö¿ø±İ Áö±Ş¡¦ÀÚ°İÀº?",!,//news.mk.co.kr/newsRead.php?year=2019&no=163580
"¾ÆÀÌ ¼Â¸¸ ³ºÀ¸¸é¡¦Çë°¡¸®, ´ëÃâ±İ ÅÁ°¨",!,//news.mk.co.kr/newsRead.php?year=2019&no=162788
"[´Üµ¶] ¸£³ë»ï¼º, ìí´Ö»ê ½ÅÂ÷ ¹èÁ¤ ¹«»ê",!,//news.mk.co.kr/newsRead.php?year=2019&no=166321
"¼­¿ï ¹°°¡, ´º¿å°ú ÇÔ²² ¼¼°è 7À§",!,//news.mk.co.kr/newsRead.php?year=2019&no=165852
`¼º°ü°è ¸ôÄ«ÇøÀÇ` Á¤ÁØ¿µ `ÇÁ¶û½º ·¹½ºÅä¶û`Àº ¾î..,!,http://news.mk.co.kr/newsRead.php?year=2019&no=163511
"ºÎ¸ğ ÇÇ»ì¿¡ ºó¼Ò ÁöÅ°´Â ÀÌÈñÁø, ¹æ¼Û»ç ÃÔ¿µ ½Ãµµ..",!,http://news.mk.co.kr/newsRead.php?year=2019&no=164932
"Áß°íÂ÷, ¾÷Ã¼ Á÷¿øµéÀÌ ÃßÃµÇÑ Â÷´Â?¡¦±×·£Àú¡¤¾Æ¹İ..",!,http://news.mk.co.kr/newsRead.php?year=2019&no=163736
"Æ®¿ÍÀÌ½º ÁöÈ¿, ìí Ãâ±¹±æ ´«¹°¡¦¡±Á¤ÁØ¿µ ¾Ç¼º ·ç..",!,http://news.mk.co.kr/newsRead.php?year=2019&no=164289
¾ÆÆÄÆ® Àı¹İÀÌ Àü¼Â°ª `¶Ò`¡¦¿ªÀü¼¼³­ `ºñ»ó`,!,http://news.mk.co.kr/newsRead.php?year=2019&no=165903
10³â°£ °Çº¸·á 35¸¸¿ø ³½ ¹®¼ºÇõ,!,http://news.mk.co.kr/newsRead.php?year=2019&no=165819
"[´Üµ¶] ¸£³ë»ï¼º, ìí´Ö»ê ½ÅÂ÷ ¹èÁ¤ ¹«»ê",!,http://news.mk.co.kr/newsRead.php?year=2019&no=166321
"¼­¿ï ¹°°¡, ´º¿å°ú ÇÔ²² ¼¼°è 7À§",!,http://news.mk.co.kr/newsRead.php?year=2019&no=165852
"¾ÆÀÌ ¼Â¸¸ ³ºÀ¸¸é¡¦Çë°¡¸®, ´ëÃâ±İ ÅÁ°¨",!,http://news.mk.co.kr/newsRead.php?year=2019&no=162788
"°æÂû, ¹ö´×½ã ½Å°íÀÚ ÆøÇà¡¤°ÅÁşº¸°í±îÁö",!,http://news.mk.co.kr/newsRead.php?year=2019&no=165881
`Ä«Ä«¿À¿Õ±¹` ¹ú½á 93Şä¡¦6Á¶ º£ÆÃ ºûº¼±î,!,http://news.mk.co.kr/v4/view_move_stock.php?year=2019&no=165816
Á¤ºÎ Áö¿ø ÆÄÀÌÇÁ¶óÀÎ º¸¸é ¹ÙÀÌ¿Àñ» ¿»·ÎÄ¨ÀÌ º¸ÀÎ..,!,http://news.mk.co.kr/v4/view_move_stock.php?year=2019&no=165815
`Çö±İºÎÀÚ` À¯È­ñû ¿À³ÊÀÏ°¡ ¼øÀÍ ¸Â¸Ô´Â ¹è´ç±İ Ã¬..,!,http://news.mk.co.kr/v4/view_move_stock.php?year=2019&no=162688
"[Æ¯Â¡ÁÖ] Áß±¹ ¼öÃâ±æ ¿­¸° »ç·áÁÖ, µ¿¹İ °­¼¼",!,http://news.mk.co.kr/v4/view_move_stock.php?year=2019&no=164360
³ª½º´Ú ¹İµµÃ¼ñ» `²ŞÆ²`¡¦°í°³µå´Â ¹İµî·Ğ,!,http://news.mk.co.kr/v4/view_move_stock.php?year=2019&no=162695
"[´Üµ¶] Ä«Ä«¿À, ¿©Çà¾÷±îÁö ÁøÃâ",!,http://news.mk.co.kr/v4/view_move_stock.php?year=2019&no=165860
"·Ôµ¥Ä¥¼º, 52ÁÖ ½Å°í°¡ ÁúÁÖ¡¦¾×¸éºĞÇÒ ±â´ë°¨¡è",!,http://news.mk.co.kr/v4/view_move_stock.php?year=2019&no=164700
"""2035³â±îÁö È­¹°Â÷¡æ¼ö¼ÒÂ÷, Àü¸é±³Ã¼""¡¦¼ö¼ÒÂ÷ñ» ..",!,http://news.mk.co.kr/v4/view_move_stock.php?year=2019&no=166955
ùÛ±â¾÷ °ø°İÅõÀÚ¡¤¹è´çÈ®´ë ºÎ¸Ş¶û¡¦½ÇÁ¦ ÇØ¿ÜÃ¤±Ç..,!,http://news.mk.co.kr/v4/view_move_stock.php?year=2019&no=165807
ÀüÀÚÁõ±ÇÁ¦µµ ½ÃÇà 6°³¿ù ¾ÕÀ¸·Î¡¦Áõ±Ç°¡ ¾î¶»°Ô ´Ş..,!,http://news.mk.co.kr/v4/view_move_stock.php?year=2019&no=165137
Àü¼Â°ª 10% ÇÏ¶ô ½Ã ºÎÁ·ÇÑ º¸Áõ±İ ¹İÈ¯ ¾×¼ö°¡¡¦,!,http://estate.mk.co.kr/news2011/view.php?year=2019&no=164251
"""µ¿³²¾Æ ´ë½Å »õ¸¸±İ ¿À¼¼¿ä""¡¦±¹³»±â¾÷¿¡µµ ¶¥ ÆÄ..",!,http://estate.mk.co.kr/news2011/view.php?year=2019&no=165854
"Àç°ÇÃà ÅõÀÚ·Î ¼ö¾ï¿ø ¹ú¾ú´Âµ¥¡¦ÃÖÁ¤È£ ""°úµµÇÑ °³..",!,http://estate.mk.co.kr/news2011/view.php?year=2019&no=162805
¸í¾Ï °¥¸° ¸®¸ğµ¨¸µ¡¦¼Ò±Ô¸ğ ´ÜÁö¸¸ ¶á´Ù,!,http://estate.mk.co.kr/news2011/view.php?year=2019&no=165722
[¸Å°æÀÌ ¸¸³­ »ç¶÷] `ÀºµĞÀÇ °æ¿µÀÚ` ¹Ú¼ºÂù Æ®¶ó¿ò..,!,http://estate.mk.co.kr/news2011/view.php?year=2019&no=165649
2019³â °³º°°ø½ÃÁö°¡ Á¶È¸ ½ÃÀÛ¡¦ÀÌ¿ë ¹æ¹ıÀº?,!,http://estate.mk.co.kr/news2011/view.php?year=2019&no=156107
¿Ã »ó¹İ±â 1000¼¼´ë ³Ñ´Â ¾ÆÆÄÆ®¡¤¿ÀÇÇ½ºÅÚ ºĞ¾ç º¿..,!,http://estate.mk.co.kr/news2011/view.php?year=2019&no=163827
"°ÇÃàÆ÷±â ¸¶Æ÷ °ü±¤È£ÅÚ, 19Ãş ¿ÀÇÇ½ºÅÚ·Î º¯½Å",!,http://estate.mk.co.kr/news2011/view.php?year=2019&no=165718
8¹øÂ° ¸Å°¢³ª¼± ¼­ÃÊµ¿ Á¤º¸»ç ¿ëÁö,!,http://estate.mk.co.kr/news2011/view.php?year=2019&no=162712
"ÃÊ°í°¡ ÇÑ³²´õÈú, °ø½Ã°¡ `Âñ²û ÀÎ»ó` ³í¶õ",!,http://estate.mk.co.kr/news2011/view.php?year=2019&no=162715
"Æ®¿ÍÀÌ½º ÁöÈ¿, ìí Ãâ±¹±æ ´«¹°¡¦¡±Á¤ÁØ¿µ ¾Ç¼º ·ç..",!,http://star.mk.co.kr/v2/view.php?year=2019&no=164289
"³ª¸£»ş, ´ÙÀÌ¾îÆ®·Î ºúÀº »õ ÇÁ·ÎÇÊ °ø°³...`¿Ïº®¸ö..",!,http://star.mk.co.kr/v2/view.php?year=2019&no=165550
"¹ÚÇÑº°¡¤ÃÖÁ¾ÈÆ, À±ÃÑ°æ°ú °ñÇÁ ÃÆ´Ù...¡®½½ÇÃ ¶§ ..",!,http://star.mk.co.kr/v2/view.php?year=2019&no=164182
"ÀÌ¿ëÁø °áÈ¥, ¿şµùÈ­º¸ º¸´Ï...`¿¹ºñ½ÅºÎ ´«ºÎ½Å Ã»..",!,http://star.mk.co.kr/v2/view.php?year=2019&no=164646
"¿ÕÁ¾¸í ¾ŞÄ¿, À±Áö¿À¿¡ ½Ç¸í ¿ä±¸¡¤¹«¸®¼ö ÁøÇà ¡®..",!,http://star.mk.co.kr/v2/view.php?year=2019&no=163542
"¡®¹ö´×½ã ÃÖÃÊ °í¹ß¡¯ ±è»ó±³, °æÂû Ãâ¼® ¡°°ø±Ç·Â..",!,http://star.mk.co.kr/v2/view.php?year=2019&no=164331
"ÀÌ¿ëÁø °áÈ¥, ´©¸®²Û ÃàÇÏ ""`1¹Ú2ÀÏ` ÀÎÅÏ ½Â½ÂÀå±¸..",!,http://star.mk.co.kr/v2/view.php?year=2019&no=166022
"`³²Æí ³í¶õ` ¹ÚÇÑº° ""Á×À»¸¸Å­ ±«·Ó°í ÈûµéÁö¸¸¡¦Á¾..",!,http://star.mk.co.kr/v2/view.php?year=2019&no=164833
À±Áö¿À ¡°¿ÕÁ¾¸í ¾ŞÄ¿´ÔÀÌ ¹®ÀÚ¿Í ÅëÈ­·Î Á÷Á¢ »ç°ú..,!,http://star.mk.co.kr/v2/view.php?year=2019&no=164718
"¼Û¼±¹Ì, ÍºÀåÀÚ¿¬ »ç°Ç ¾ğ±Ş ¡°¾Æ´Â °Í ÀÖ´Ù¸é ¿Ö ..",!,http://star.mk.co.kr/v2/view.php?year=2019&no=163486
"Ãà±¸ ½Ç·Â¸¸Å­ Â÷°íµµ È­·ÁÇÑ ¼ÕÈï¹Î, 17¾ïÂ¥¸® ÀÌ ..",!,http://sports.mk.co.kr/view.php?year=2019&no=166651
¹İÀü ¾ø´Â ÀÌ¿ë±Ô? °á±¹ º¸ÀåµÈ ¡®²É±æ¡¯¸¸ °È°í ½Í..,!,http://sports.mk.co.kr/view.php?year=2019&no=163397
Æ®¶ó¿ìÆ® ³Ñ´Â ¹Ì±¹½ºÆ÷Ã÷ ¿ª´ë ÃÖ°í°è¾à `¸ŞÀÌ¿ş´õ..,!,http://sports.mk.co.kr/view.php?year=2019&no=166515
Æ¼ÄÏ ÃÖ°í 1000¸¸¿ø¡¦`Ú¸Ä£` ´ëÇĞ³ó±¸,!,http://sports.mk.co.kr/view.php?year=2019&no=165795
"¡®ÀÌ¿ë±Ô »çÅÂ¡¯ ±× °á¸», ÇÑÈ­ÀÇ °í¹ÎÀÌ ±í¾îÁö´Â ..",!,http://sports.mk.co.kr/view.php?year=2019&no=166408
"ÇÑÈ­, ÀÌ¿ë±Ô¿¡°Ô È®½ÇÈ÷ Ã¥ÀÓ ¹¯°Ú´Ù",!,http://sports.mk.co.kr/view.php?year=2019&no=161716
"±«¹° ½ÅÀÎÀÇ ÄÁ¼ÁÀº ¼½½Ã!, º£ÀÏ ¹şÀº ¿¡¹ö±Û·Î¿ì [..",!,http://sports.mk.co.kr/view.php?year=2019&no=163146
"³ª¶ó, »õ ÇÏ¾á ÇÇºÎ µ¸º¸ÀÌ´Â ½Ã½º·ç ÀÚÅÂ [MKÈ­º¸]",!,http://sports.mk.co.kr/view.php?year=2019&no=162146
´ÙÀú½º °³¸·Àü ¼±¹ßÀº ´©±¸? Ä¿¼î-ºæ·¯´Â ¾Æ´Ï´Ù,!,http://sports.mk.co.kr/view.php?year=2019&no=165065
"""¹®Á¦µÉ °Í"" ¿À½ÂÈ¯ÀÌ º¸´Â `3Å¸ÀÚ »ó´ë ±ÔÁ¤` [Çö..",!,http://sports.mk.co.kr/view.php?year=2019&no=166439
¾ÆÆÄÆ® Àı¹İÀÌ Àü¼Â°ª `¶Ò`¡¦¿ªÀü¼¼³­ `ºñ»ó`,!,http://news.mk.co.kr/newsRead.php?year=2019&no=165903
"¼­¿ï ¹°°¡, ´º¿å°ú ÇÔ²² ¼¼°è 7À§",!,http://news.mk.co.kr/newsRead.php?year=2019&no=165852
"¾ÆÀÌ ¼Â¸¸ ³ºÀ¸¸é¡¦Çë°¡¸®, ´ëÃâ±İ ÅÁ°¨",!,http://news.mk.co.kr/newsRead.php?year=2019&no=162788
¹Ì¡¤Áß¹«¿ªîú Àå±âÈ­¡¦`Á¦2ÀÇ Áß±¹ Ãæ°İ` ¿Â´Ù,!,http://news.mk.co.kr/newsRead.php?year=2019&no=165899
¹Ì±¹ ÀÓ±İ 76% ¿À¸¦¶§ ÇÑ±¹Àº 154%³ª ¶Ù¾ú´Ù,!,http://news.mk.co.kr/newsRead.php?year=2019&no=165861
Ã¢°í¿¡ Àç°í »ï¼ºÀüÀÚ 29Á¶¡¤Çö´ëÂ÷ 10Á¶¡¦°Å¼¾ °¡..,!,http://news.mk.co.kr/newsRead.php?year=2019&no=146170
"°øÁ¤À§, LG ÀÏ°¨¸ô¾ÆÁÖ±â ÀÇÈ¤ ´ë´ëÀû Á¶»ç",!,http://news.mk.co.kr/newsRead.php?year=2019&no=165882
"°­±İ½Ç ""°¡¾÷½Â°è = İ£´ë¹°¸² ºÒ½Å¡¦¿ÀÈ÷·Á Áøº¸Á¤..",!,http://news.mk.co.kr/newsRead.php?year=2019&no=64018
Å»¿øÀü¡¤¼ÒÁÖ¼º¡¤ÙşÄÉ¾î¡¦±¸¸Û³­ 14Á¶,!,http://news.mk.co.kr/newsRead.php?year=2019&no=159888
Ä¡¸Åº¸Çè `ÁßÁõ`¸¸ º¸ÀåÇÏ´ÂÁö ²À Ã¼Å©¸¦,!,http://news.mk.co.kr/newsRead.php?year=2019&no=162745
10³â°£ °Çº¸·á 35¸¸¿ø ³½ ¹®¼ºÇõ,!,http://news.mk.co.kr/newsRead.php?year=2019&no=165819
"³²ºÏ¿¬¶ô»ç¹«¼Ò İÁ¼ÒÀå´ë¸® ºÎÀçÁß¡¦ÅëÀÏºÎ ""ÀÌ¹øÁÖ..",!,http://news.mk.co.kr/newsRead.php?year=2019&no=164475
"Áß±¹, ½ºÅÚ½º±â Å½Áö ÀáÀç´É·Â ·¹ÀÌ´õ °³¹ß ¼º°ø",!,http://news.mk.co.kr/newsRead.php?year=2019&no=164131
ÁöÁöÀ² ÇÏ¶ô¿¡ ´Ù½Ã °æÁ¦ Ã¬±â´Â Ùş,!,http://news.mk.co.kr/newsRead.php?year=2019&no=165827
PKÁö¿ª 4¡¤3 º¸±È¼±°Å 2°÷ ÇÑ±¹´ç ¿ì¼¼,!,http://news.mk.co.kr/newsRead.php?year=2019&no=162771
À¯½Â¹Î µî ¹İ¹ß¿¡ ÀÇÃÑ ¼ÒÁı¡¦¹Ù¸¥¹Ì·¡ ¶Ç ³»ºĞ Á¶..,!,http://news.mk.co.kr/newsRead.php?year=2019&no=165825
´ëºÏÁ¦Àç·Î ñé±³¿ª ¹İÅä¸·¡¦¹Ğ¼ö·Î ¹öÆ¼´Â Æò¾ç°æÁ¦,!,http://news.mk.co.kr/newsRead.php?year=2019&no=162786
"Á¤°æµÎ ±¹¹æÀå°ü ""İÁ ÇÙÈ°µ¿ ÇÏ´Â °Í ´Ù ÆÄ¾Ç""",!,http://news.mk.co.kr/newsRead.php?year=2019&no=162809
"È­³­ Áö»ó¿í ÀÇ¿ø ´çÁöµµºÎ¿¡ ÀÛ½É¹ß¾ğ ""±è°ü¿µ ¿ø..",!,http://news.mk.co.kr/newsRead.php?year=2019&no=166640
°Å´ë¾ç´ç 30¼® ÁÙ°í ±º¼ÒÁ¤´çÀº ´Ã°í,!,http://news.mk.co.kr/newsRead.php?year=2019&no=162775
`¼º°ü°è ¸ôÄ«ÇøÀÇ` Á¤ÁØ¿µ `ÇÁ¶û½º ·¹½ºÅä¶û`Àº ¾î..,!,http://news.mk.co.kr/newsRead.php?year=2019&no=163511
"ºÎ¸ğ ÇÇ»ì¿¡ ºó¼Ò ÁöÅ°´Â ÀÌÈñÁø, ¹æ¼Û»ç ÃÔ¿µ ½Ãµµ..",!,http://news.mk.co.kr/newsRead.php?year=2019&no=164932
"Áß±¹À¸·Î µµÁÖ `ÀÌÈñÁø ºÎ¸ğ»ìÇØ` °ø¹ü, ¿Ã ÃÊ¿¡ ÀÌ..",!,http://news.mk.co.kr/newsRead.php?year=2019&no=164252
"°æÂû, ¹ö´×½ã ½Å°íÀÚ ÆøÇà¡¤°ÅÁşº¸°í±îÁö",!,http://news.mk.co.kr/newsRead.php?year=2019&no=165881
"Á¤ºÎ, 6°³¿ù°£ 50¸¸¿ø¾¿ Ã»³â±¸Á÷È°µ¿Áö¿ø±İ Áö±Ş¡¦..",!,http://news.mk.co.kr/newsRead.php?year=2019&no=163580
"¸¶¾à ¾ç¼º¹İÀÀ `¹ö´×½ã` MD Ãâ½Å Áß±¹ÀÎ ¾Ö³ª, ¸¸¾à..",!,http://news.mk.co.kr/newsRead.php?year=2019&no=166544
"¿ÕÁ¾¸í ÀÎÅÍºä ³í¶õ¿¡ À±Áö¿À ""10³â°£ ¼öÂ÷·Ê ¹ŞÀº ..",!,http://news.mk.co.kr/newsRead.php?year=2019&no=164775
`»ç¼ÒÇÑ ½Ãºñ ³¡` ÆĞ½Î¿òÇÑ ÀüÁÖ ¾ç´ë Á¶Æø¡¦2Â÷Ãæµ¹±îÁö,!,http://news.mk.co.kr/newsRead.php?year=2019&no=165293
"Á¤ÁØ¿µ ""Â÷¿¡¼­ °­°£ÇÏÀÚ"" Á¦¾È¡¦`Ãß¾ÇÇÑ ´ÜÅå¹æ` ..",!,http://news.mk.co.kr/newsRead.php?year=2019&no=149364
"¸¶¾à ¾ç¼º¹İÀÀ ¾Ö³ª, ±×³à°¡ ÀÔ¸¸¿­¸é¡¦¹ú¹ú ¶°´Â ..",!,http://news.mk.co.kr/newsRead.php?year=2019&no=166585
